rosbagTimestamp,ax,ay,az,top,x,y
1661592816994412863,0.0,0.0,0.0,0.0,0.307451857964,0.471111888496
1661592816994844845,0.0119799990207,-0.953197956085,0.157807990909,7.09451627731,0.307451857964,0.471111888496
1661592816996921616,0.0119799990207,-0.953197956085,0.157807990909,7.09451627731,0.307451857964,0.471111888496
1661592816998900760,-0.013906000182,-0.949499964714,0.153980001807,7.09729146957,0.307451857964,0.471111888496
1661592817000900787,-0.013906000182,-0.953197956085,0.157807990909,7.09729146957,0.307451857964,0.471111888496
1661592817003025339,-0.013906000182,-0.945801973343,0.165463998914,7.09729146957,0.307451857964,0.471111888496
1661592817004984532,-0.013906000182,-0.945801973343,0.165463998914,7.09729146957,0.307451857964,0.471111888496
1661592817006985844,-0.00281199999154,-0.953197956085,0.173119992018,7.09285449982,0.307451857964,0.471111888496
1661592817009002236,-0.013906000182,-0.931009948254,0.161635994911,7.0580201149,0.307451857964,0.471111888496
1661592817010970565,-0.00651000067592,-0.942103981972,0.161635994911,7.05852890015,0.307451857964,0.471111888496
1661592817013043586,-0.00651000067592,-0.942103981972,0.161635994911,7.05936384201,0.307451857964,0.471111888496
1661592817014999654,-0.00651000067592,-0.942103981972,0.157807990909,7.0699763298,0.307451857964,0.471111888496
1661592817017003324,-0.00651000067592,-0.949499964714,0.165463998914,7.0793132782,0.307451857964,0.471111888496
1661592817018982163,-0.0176040008664,-0.953197956085,0.161635994911,7.07715177536,0.307451857964,0.471111888496
1661592817021075267,-0.0176040008664,-0.953197956085,0.161635994911,7.07715177536,0.307451857964,0.471111888496
1661592817022989924,-0.00281199999154,-0.942103981972,0.184604004025,7.07715177536,0.307451857964,0.471111888496
1661592817024983760,0.000885998830199,-0.942103981972,0.131012007594,7.07490205765,0.307451857964,0.471111888496
1661592817027007674,-0.00651000067592,-0.938405990601,0.203743994236,7.0732960701,0.307451857964,0.471111888496
1661592817029003046,-0.00651000067592,-0.938405990601,0.203743994236,7.06937646866,0.307451857964,0.471111888496
1661592817030984518,-0.013906000182,-0.938405990601,0.169292002916,7.06846475601,0.307451857964,0.471111888496
1661592817033100208,0.000885998830199,-0.953197956085,0.150151997805,7.05671453476,0.307451857964,0.471111888496
1661592817035077871,-0.00651000067592,-0.949499964714,0.161635994911,7.05671453476,0.307451857964,0.471111888496
1661592817037031678,-0.00651000067592,-0.949499964714,0.161635994911,7.05671453476,0.307451857964,0.471111888496
1661592817038992158,0.000885998830199,-0.949499964714,0.157807990909,7.05671453476,0.307451857964,0.471111888496
1661592817040976792,-0.013906000182,-0.942103981972,0.173119992018,7.0676445961,0.307451857964,0.471111888496
1661592817042972899,-0.010208000429,-0.942103981972,0.169292002916,7.05609083176,0.307451857964,0.471111888496
1661592817045029657,0.000885998830199,-0.945801973343,0.161635994911,7.04664230347,0.307451857964,0.471111888496
1661592817047017198,-0.013906000182,-0.934707999229,0.161635994911,7.04009056091,0.307451857964,0.471111888496
1661592817049130641,-0.00651000067592,-0.967989981174,0.165463998914,7.04282617569,0.307451857964,0.471111888496
1661592817051077507,-0.00651000067592,-0.967989981174,0.165463998914,7.04522371292,0.307451857964,0.471111888496
1661592817053037611,-0.00651000067592,-0.975385963917,0.161635994911,7.04522371292,0.307451857964,0.471111888496
1661592817054969727,0.00458399951458,-0.986479997635,0.127184003592,7.04522371292,0.307451857964,0.471111888496
1661592817057051284,-0.00651000067592,-0.912519991398,0.119527995586,7.0473241806,0.307451857964,0.471111888496
1661592817059020546,-0.00651000067592,-0.912519991398,0.119527995586,7.04187822342,0.307451857964,0.471111888496
1661592817060984165,-0.00651000067592,-0.897727966309,0.131012007594,7.03426456451,0.308705888104,0.47023677243
1661592817063082528,-0.00281199999154,-0.871841967106,0.188431993127,7.00761508942,0.308705888104,0.47023677243
1661592817065122958,-0.013906000182,-0.886633992195,0.192259997129,7.01148939133,0.308705888104,0.47023677243
1661592817066998456,-0.013906000182,-0.886633992195,0.192259997129,7.00775814056,0.308705888104,0.47023677243
1661592817068982737,-0.010208000429,-0.967989981174,0.17694799602,7.00775814056,0.308705888104,0.47023677243
1661592817071025120,0.000885998830199,-1.05304396152,0.157807990909,7.00775814056,0.308705888104,0.47023677243
1661592817073044136,0.0156779978424,-1.06043994427,0.138668000698,7.00449943542,0.308705888104,0.47023677243
1661592817075086906,0.0156779978424,-1.06043994427,0.138668000698,7.01159858704,0.308705888104,0.47023677243
1661592817077019676,0.0193760003895,-0.949499964714,0.127184003592,6.97624778748,0.308705888104,0.47023677243
1661592817078984989,0.000885998830199,-0.816371977329,0.17694799602,6.95749235153,0.308705888104,0.47023677243
1661592817081042265,-0.00651000067592,-0.790485978127,0.219055995345,6.94626903534,0.308705888104,0.47023677243
1661592817082989348,-0.00651000067592,-0.812673985958,0.245851993561,6.9506778717,0.308705888104,0.47023677243
1661592817085088109,-0.0213019996881,-0.90142595768,0.222883999348,6.9506778717,0.308705888104,0.47023677243
1661592817086976283,-0.0176040008664,-0.979083955288,0.192259997129,6.9506778717,0.308705888104,0.47023677243
1661592817089059920,-0.013906000182,-1.1085139513,0.10804399848,6.96422958374,0.308705888104,0.47023677243
1661592817091087353,-0.00651000067592,-1.11960792542,0.0697640031576,6.94708299637,0.308705888104,0.47023677243
1661592817093053122,-0.0213019996881,-1.08632600307,0.0774199962616,6.92049360275,0.308705888104,0.47023677243
1661592817095088558,-0.0286980010569,-0.849653959274,0.203743994236,6.90912389755,0.308705888104,0.47023677243
1661592817097038971,-0.0286980010569,-0.849653959274,0.203743994236,6.91642570496,0.308705888104,0.47023677243
1661592817099026190,-0.0213019996881,-0.749807953835,0.242024004459,6.886906147,0.308705888104,0.47023677243
1661592817101006930,-0.00651000067592,-0.845955967903,0.207571998239,6.886906147,0.308705888104,0.47023677243
1661592817103032834,0.00828200019896,-0.923613965511,0.184604004025,6.886906147,0.308705888104,0.47023677243
1661592817105049091,0.00828200019896,-0.923613965511,0.184604004025,6.87989091873,0.308705888104,0.47023677243
1661592817106990802,0.0156779978424,-1.08632600307,0.10804399848,6.87377548218,0.31036034163,0.469309196675
1661592817108981160,0.00828200019896,-1.12700402737,0.0965600013733,6.8684425354,0.31036034163,0.469309196675
1661592817110967492,0.0267719980329,-1.07523202896,0.123355999589,6.89787006378,0.31036034163,0.469309196675
1661592817113001118,0.0267719980329,-1.07523202896,0.123355999589,6.8987698555,0.31036034163,0.469309196675
1661592817115044626,0.00828200019896,-0.860747992992,0.219055995345,6.89091110229,0.31036034163,0.469309196675
1661592817117053446,0.000885998830199,-0.771995961666,0.222883999348,6.89091110229,0.31036034163,0.469309196675
1661592817118983917,-0.0213019996881,-0.794183969498,0.188431993127,6.89091110229,0.31036034163,0.469309196675
1661592817121016828,-0.0213019996881,-0.849653959274,0.153980001807,6.89091110229,0.31036034163,0.469309196675
1661592817123000756,-0.0213019996881,-1.00866794586,0.134839996696,6.86760616302,0.31036034163,0.469309196675
1661592817125041646,-0.0250000003725,-1.0567419529,0.111872002482,6.91892957687,0.31036034163,0.469309196675
1661592817126998180,-0.0250000003725,-1.11590993404,0.111872002482,6.8983874321,0.31036034163,0.469309196675
1661592817129161210,-0.0250000003725,-1.0826280117,0.134839996696,6.87440299988,0.31036034163,0.469309196675
1661592817131095590,-0.010208000429,-0.979083955288,0.173119992018,6.85982084274,0.31036034163,0.469309196675
1661592817133050749,0.00828200019896,-0.790485978127,0.196088001132,6.92136096954,0.31036034163,0.469309196675
1661592817134979247,0.00828200019896,-0.790485978127,0.196088001132,6.92136096954,0.31036034163,0.469309196675
1661592817136960979,0.0119799990207,-0.775693953037,0.199916005135,6.92136096954,0.31036034163,0.469309196675
1661592817138960085,-0.00281199999154,-0.797881960869,0.196088001132,6.87434196472,0.31036034163,0.469309196675
1661592817140970181,0.0119799990207,-0.986479997635,0.165463998914,6.85064792633,0.31036034163,0.469309196675
1661592817143020771,0.0119799990207,-0.986479997635,0.165463998914,6.82121896744,0.31036034163,0.469309196675
1661592817145082877,0.0230739992112,-1.10111796856,0.138668000698,6.78930187225,0.31036034163,0.469309196675
1661592817147042880,0.00458399951458,-1.04564797878,0.134839996696,6.79452753067,0.31036034163,0.469309196675
1661592817149068421,-0.00651000067592,-0.982781946659,0.138668000698,6.77285194397,0.31036034163,0.469309196675
1661592817151102810,-0.00651000067592,-0.982781946659,0.138668000698,6.77285194397,0.312796118399,0.467962340777
1661592817153159420,-0.0176040008664,-0.753505945206,0.180776000023,6.77285194397,0.312796118399,0.467962340777
1661592817155004585,-0.00651000067592,-0.746109962463,0.215227991343,6.74534845352,0.312796118399,0.467962340777
1661592817157097917,-0.010208000429,-0.864445984364,0.22671200335,6.73029279709,0.312796118399,0.467962340777
1661592817159048957,-0.010208000429,-0.864445984364,0.22671200335,6.71723127365,0.312796118399,0.467962340777
1661592817161029385,0.0156779978424,-1.08632600307,0.134839996696,6.71164274216,0.312796118399,0.467962340777
1661592817162982658,0.000885998830199,-1.13070201874,0.123355999589,6.70102977753,0.312796118399,0.467962340777
1661592817165052109,0.0119799990207,-1.13440001011,0.0697640031576,6.68355178833,0.312796118399,0.467962340777
1661592817167068193,-0.010208000429,-1.06413793564,0.0965600013733,6.68355178833,0.312796118399,0.467962340777
1661592817169117282,-0.010208000429,-0.894029974937,0.134839996696,6.68355178833,0.312796118399,0.467962340777
1661592817171019853,-0.00651000067592,-0.764599978924,0.211400002241,6.67658233643,0.312796118399,0.467962340777
1661592817173105390,-0.013906000182,-0.720223963261,0.249679997563,6.6705083847,0.312796118399,0.467962340777
1661592817175019719,-0.010208000429,-0.80157995224,0.253508001566,6.6570982933,0.312796118399,0.467962340777
1661592817177081386,-0.013906000182,-0.875539958477,0.222883999348,6.63533639908,0.312796118399,0.467962340777
1661592817179065737,-0.010208000429,-1.09741997719,0.111872002482,6.63449525833,0.312796118399,0.467962340777
1661592817181107419,-0.010208000429,-1.09741997719,0.111872002482,6.61788463593,0.312796118399,0.467962340777
1661592817183010559,-0.0176040008664,-1.13809800148,0.0582799986005,6.60349035263,0.312796118399,0.467962340777
1661592817185055038,-0.0176040008664,-1.09372198582,0.0735919997096,6.60349035263,0.312796118399,0.467962340777
1661592817187064795,-0.013906000182,-0.827465951443,0.222883999348,6.59100151062,0.312796118399,0.467962340777
1661592817189069771,-0.013906000182,-0.827465951443,0.222883999348,6.57245922089,0.312796118399,0.467962340777
1661592817190994398,0.0230739992112,-0.786787986755,0.25733602047,6.5425028801,0.312796118399,0.467962340777
1661592817193074484,-0.010208000429,-0.853351950645,0.234367996454,6.53043317795,0.312796118399,0.467962340777
1661592817195061168,0.0156779978424,-1.02346003056,0.150151997805,6.51254224777,0.315190917162,0.466505097708
1661592817197117846,0.0156779978424,-1.02346003056,0.150151997805,6.48362779617,0.315190917162,0.466505097708
1661592817199031898,-0.010208000429,-1.13070201874,0.0467960014939,6.48362779617,0.315190917162,0.466505097708
1661592817201084087,-0.013906000182,-1.11590993404,0.0621079988778,6.48362779617,0.315190917162,0.466505097708
1661592817203043511,0.00458399951458,-0.971687972546,0.127184003592,6.47918891907,0.315190917162,0.466505097708
1661592817205068632,0.000885998830199,-0.823767960072,0.222883999348,6.46095609665,0.315190917162,0.466505097708
1661592817207129691,0.000885998830199,-0.764599978924,0.261164009571,6.45226716995,0.315190917162,0.466505097708
1661592817208979808,0.000885998830199,-0.764599978924,0.264991998672,6.4306268692,0.315190917162,0.466505097708
1661592817211035138,-0.0213019996881,-0.794183969498,0.242024004459,6.3957734108,0.315190917162,0.466505097708
1661592817212972086,-0.0213019996881,-0.964291989803,0.146323993802,6.37499761581,0.315190917162,0.466505097708
1661592817214973020,-0.0213019996881,-1.03825199604,0.0850760042667,6.36373949051,0.315190917162,0.466505097708
1661592817216982706,-0.0250000003725,-1.14179599285,0.0391400009394,6.36373949051,0.315190917162,0.466505097708
1661592817219020819,-0.0250000003725,-1.14179599285,0.0391400009394,6.34730958939,0.315190917162,0.466505097708
1661592817220953359,-0.010208000429,-1.00496995449,0.134839996696,6.3330783844,0.315190917162,0.466505097708
1661592817222948367,-0.00281199999154,-0.783089995384,0.268820017576,6.31423282623,0.315190917162,0.466505097708
1661592817224948465,0.0119799990207,-0.753505945206,0.272648006678,6.28939151764,0.315190917162,0.466505097708
1661592817226976228,0.0119799990207,-0.753505945206,0.272648006678,6.2700958252,0.315190917162,0.466505097708
1661592817228940441,0.00828200019896,-0.790485978127,0.245851993561,6.24437856674,0.315190917162,0.466505097708
1661592817230997331,-0.0213019996881,-1.00866794586,0.0965600013733,6.24437856674,0.315190917162,0.466505097708
1661592817233005244,0.00458399951458,-1.11590993404,0.0582799986005,6.24437856674,0.315190917162,0.466505097708
1661592817235040209,0.00458399951458,-1.11590993404,0.0582799986005,6.24437856674,0.315190917162,0.466505097708
1661592817237057183,-0.00281199999154,-1.01236605644,0.157807990909,6.20826911926,0.315190917162,0.466505097708
1661592817239055595,0.00458399951458,-0.942103981972,0.192259997129,6.19377279282,0.317600389093,0.465069523725
1661592817241022422,-0.0176040008664,-0.80157995224,0.249679997563,6.17528057098,0.317600389093,0.465069523725
1661592817243029396,-0.0250000003725,-0.779391944408,0.238196000457,6.1651468277,0.317600389093,0.465069523725
1661592817245082121,-0.0397920012474,-0.80157995224,0.207571998239,6.13782310486,0.317600389093,0.465069523725
1661592817247031848,-0.0250000003725,-0.949499964714,0.104215994477,6.12109899521,0.317600389093,0.465069523725
1661592817249120582,-0.0286980010569,-1.01976203918,0.0927319973707,6.12109899521,0.317600389093,0.465069523725
1661592817251071767,-0.0176040008664,-1.10481595993,0.0697640031576,6.12109899521,0.317600389093,0.465069523725
1661592817253062687,-0.0286980010569,-1.07893002033,0.0850760042667,6.09537553787,0.317600389093,0.465069523725
1661592817255006583,-0.0176040008664,-0.990177989006,0.157807990909,6.05411863327,0.317600389093,0.465069523725
1661592817257011252,-0.00281199999154,-0.934707999229,0.199916005135,6.0429930687,0.317600389093,0.465069523725
1661592817259057225,-0.010208000429,-0.812673985958,0.234367996454,6.02796554565,0.317600389093,0.465069523725
1661592817261044457,-0.00281199999154,-0.816371977329,0.215227991343,5.99379825592,0.317600389093,0.465069523725
1661592817263000684,0.0156779978424,-0.949499964714,0.123355999589,5.97489690781,0.317600389093,0.465069523725
1661592817265018971,0.0156779978424,-0.949499964714,0.123355999589,5.97489690781,0.317600389093,0.465069523725
1661592817267055773,0.00458399951458,-0.993875980377,0.115700006485,5.97489690781,0.317600389093,0.465069523725
1661592817269017926,0.000885998830199,-1.05304396152,0.115700006485,5.94837379456,0.317600389093,0.465069523725
1661592817271092367,-0.00651000067592,-0.990177989006,0.180776000023,5.91017389297,0.317600389093,0.465069523725
1661592817273033027,-0.00651000067592,-0.990177989006,0.180776000023,5.89256858826,0.317600389093,0.465069523725
1661592817275079525,-0.00651000067592,-0.864445984364,0.219055995345,5.87314224243,0.317600389093,0.465069523725
1661592817277091221,-0.0176040008664,-0.842257976532,0.173119992018,5.85571241379,0.317600389093,0.465069523725
1661592817278995655,-0.0250000003725,-0.857050001621,0.161635994911,5.84062337875,0.317600389093,0.465069523725
1661592817281018495,-0.0250000003725,-0.857050001621,0.161635994911,5.84062337875,0.317600389093,0.465069523725
1661592817283002177,-0.0176040008664,-0.956895947456,0.131012007594,5.84062337875,0.317600389093,0.465069523725
1661592817285006291,-0.0250000003725,-0.982781946659,0.115700006485,5.82286787033,0.317600389093,0.465069523725
1661592817287004261,-0.0176040008664,-1.00496995449,0.157807990909,5.7982840538,0.319930794598,0.463597889969
1661592817289067392,-0.013906000182,-0.982781946659,0.180776000023,5.76776266098,0.319930794598,0.463597889969
1661592817291078747,-0.013906000182,-0.934707999229,0.184604004025,5.74182748795,0.319930794598,0.463597889969
1661592817293041969,-0.00281199999154,-0.905123949051,0.188431993127,5.72385406494,0.319930794598,0.463597889969
1661592817294999787,0.00458399951458,-0.882936000824,0.157807990909,5.68622589111,0.319930794598,0.463597889969
1661592817297077135,0.00828200019896,-0.886633992195,0.169292002916,5.68622589111,0.319930794598,0.463597889969
1661592817299026890,0.00828200019896,-0.908822000027,0.180776000023,5.68622589111,0.319930794598,0.463597889969
1661592817301029161,0.00458399951458,-0.975385963917,0.165463998914,5.67139530182,0.319930794598,0.463597889969
1661592817302998091,0.00458399951458,-0.975385963917,0.165463998914,5.65014362335,0.319930794598,0.463597889969
1661592817305060253,0.00458399951458,-0.993875980377,0.161635994911,5.623524189,0.319930794598,0.463597889969
1661592817306997699,0.00458399951458,-0.982781946659,0.150151997805,5.58427286148,0.319930794598,0.463597889969
1661592817308973129,-0.00651000067592,-0.934707999229,0.138668000698,5.56267786026,0.319930794598,0.463597889969
1661592817311004126,-0.00651000067592,-0.934707999229,0.138668000698,5.5205578804,0.319930794598,0.463597889969
1661592817313048224,-0.0213019996881,-0.897727966309,0.146323993802,5.5205578804,0.319930794598,0.463597889969
1661592817314992473,-0.0213019996881,-0.90142595768,0.192259997129,5.5205578804,0.319930794598,0.463597889969
1661592817317082215,-0.0213019996881,-0.923613965511,0.180776000023,5.50364923477,0.319930794598,0.463597889969
1661592817318996963,-0.0213019996881,-0.923613965511,0.180776000023,5.47761631012,0.319930794598,0.463597889969
1661592817321047670,-0.013906000182,-0.986479997635,0.150151997805,5.4588804245,0.319930794598,0.463597889969
1661592817323050299,-0.013906000182,-1.00496995449,0.134839996696,5.41846990585,0.319930794598,0.463597889969
1661592817325074300,-0.010208000429,-0.986479997635,0.123355999589,5.40028762817,0.319930794598,0.463597889969
1661592817327002573,-0.00651000067592,-0.934707999229,0.146323993802,5.35043478012,0.319930794598,0.463597889969
1661592817329017676,-0.0213019996881,-0.882936000824,0.169292002916,5.35043478012,0.319930794598,0.463597889969
1661592817330983580,-0.013906000182,-0.871841967106,0.188431993127,5.35043478012,0.319930794598,0.463597889969
1661592817332983410,-0.0250000003725,-0.90142595768,0.199916005135,5.35043478012,0.319930794598,0.463597889969
1661592817334986227,-0.013906000182,-0.916217982769,0.196088001132,5.31657743454,0.322416407932,0.462069095271
1661592817337017591,-0.0176040008664,-0.967989981174,0.161635994911,5.29443597794,0.322416407932,0.462069095271
1661592817339054714,-0.00281199999154,-1.00127196312,0.131012007594,5.26199626923,0.322416407932,0.462069095271
1661592817341099746,-0.00281199999154,-1.00127196312,0.131012007594,5.2437543869,0.322416407932,0.462069095271
1661592817343043702,0.00458399951458,-0.986479997635,0.134839996696,5.22128391266,0.322416407932,0.462069095271
1661592817345026473,-0.00281199999154,-0.879237949848,0.196088001132,5.205098629,0.322416407932,0.462069095271
1661592817346973575,0.00458399951458,-0.875539958477,0.207571998239,5.205098629,0.322416407932,0.462069095271
1661592817349167668,0.00458399951458,-0.875539958477,0.207571998239,5.205098629,0.322416407932,0.462069095271
1661592817351056979,0.00458399951458,-0.908822000027,0.199916005135,5.16341686249,0.322416407932,0.462069095271
1661592817353013352,0.0230739992112,-0.993875980377,0.157807990909,5.14512109756,0.322416407932,0.462069095271
1661592817354994529,0.0119799990207,-0.982781946659,0.150151997805,5.12605381012,0.322416407932,0.462069095271
1661592817357100384,0.0119799990207,-0.982781946659,0.150151997805,5.09196996689,0.322416407932,0.462069095271
1661592817359040948,-0.00651000067592,-0.967989981174,0.157807990909,5.07362985611,0.322416407932,0.462069095271
1661592817361013789,-0.0213019996881,-0.931009948254,0.17694799602,5.05460929871,0.322416407932,0.462069095271
1661592817363022394,-0.0176040008664,-0.916217982769,0.173119992018,5.05460929871,0.322416407932,0.462069095271
1661592817365066038,-0.0176040008664,-0.916217982769,0.173119992018,5.03502416611,0.322416407932,0.462069095271
1661592817366998410,-0.0213019996881,-0.938405990601,0.169292002916,5.00283908844,0.322416407932,0.462069095271
1661592817369043735,-0.013906000182,-0.949499964714,0.165463998914,4.98700761795,0.322416407932,0.462069095271
1661592817371048449,-0.0250000003725,-0.975385963917,0.138668000698,4.97024726868,0.322416407932,0.462069095271
1661592817373014307,-0.0213019996881,-0.971687972546,0.146323993802,4.9556684494,0.322416407932,0.462069095271
1661592817374991816,-0.0213019996881,-0.971687972546,0.142496004701,4.92347383499,0.322416407932,0.462069095271
1661592817376981462,-0.013906000182,-0.942103981972,0.180776000023,4.92347383499,0.322416407932,0.462069095271
1661592817379000737,-0.013906000182,-0.942103981972,0.180776000023,4.92347383499,0.324766057334,0.460622766764
1661592817381102815,0.000885998830199,-0.931009948254,0.188431993127,4.92347383499,0.324766057334,0.460622766764
1661592817383060339,0.0230739992112,-0.942103981972,0.17694799602,4.89363050461,0.324766057334,0.460622766764
1661592817385089524,0.0267719980329,-0.942103981972,0.173119992018,4.88307571411,0.324766057334,0.460622766764
1661592817387112097,0.0267719980329,-0.942103981972,0.173119992018,4.86811494827,0.324766057334,0.460622766764
1661592817389024166,0.00828200019896,-0.960593998432,0.153980001807,4.84658908844,0.324766057334,0.460622766764
1661592817390995142,-0.00651000067592,-0.956895947456,0.161635994911,4.83917331696,0.324766057334,0.460622766764
1661592817392984681,0.000885998830199,-0.960593998432,0.169292002916,4.83917331696,0.324766057334,0.460622766764
1661592817395047321,0.000885998830199,-0.960593998432,0.169292002916,4.83917331696,0.324766057334,0.460622766764
1661592817397048868,0.000885998830199,-0.927311956882,0.192259997129,4.82702255249,0.324766057334,0.460622766764
1661592817399003013,-0.010208000429,-0.916217982769,0.169292002916,4.81643104553,0.324766057334,0.460622766764
1661592817401023852,-0.0176040008664,-0.934707999229,0.17694799602,4.80437803268,0.324766057334,0.460622766764
1661592817403005114,-0.0176040008664,-0.934707999229,0.17694799602,4.787504673,0.324766057334,0.460622766764
1661592817405126492,-0.0434900000691,-0.949499964714,0.153980001807,4.77915239334,0.324766057334,0.460622766764
1661592817407007943,-0.0213019996881,-0.956895947456,0.134839996696,4.76306676865,0.324766057334,0.460622766764
1661592817409059522,-0.0213019996881,-0.964291989803,0.146323993802,4.76306676865,0.324766057334,0.460622766764
1661592817410988903,-0.0176040008664,-0.964291989803,0.157807990909,4.76306676865,0.324766057334,0.460622766764
1661592817413140837,0.00828200019896,-0.956895947456,0.153980001807,4.75781583786,0.324766057334,0.460622766764
1661592817414999199,0.00458399951458,-0.931009948254,0.165463998914,4.7532286644,0.324766057334,0.460622766764
1661592817417107015,0.0156779978424,-0.931009948254,0.165463998914,4.74645662308,0.324766057334,0.460622766764
1661592817419116947,-0.00651000067592,-0.923613965511,0.180776000023,4.73022079468,0.324766057334,0.460622766764
1661592817421142695,-0.00281199999154,-0.927311956882,0.165463998914,4.72635889053,0.324766057334,0.460622766764
1661592817423097266,0.000885998830199,-0.945801973343,0.153980001807,4.72024250031,0.327159804563,0.459153787439
1661592817425097637,0.0119799990207,-0.964291989803,0.150151997805,4.71490001678,0.327159804563,0.459153787439
1661592817427097266,0.0119799990207,-0.971687972546,0.150151997805,4.71490001678,0.327159804563,0.459153787439
1661592817429052740,0.000885998830199,-0.964291989803,0.157807990909,4.71490001678,0.327159804563,0.459153787439
1661592817431073165,-0.010208000429,-0.938405990601,0.157807990909,4.7061548233,0.327159804563,0.459153787439
1661592817433107457,-0.010208000429,-0.938405990601,0.157807990909,4.70259046555,0.327159804563,0.459153787439
1661592817435225615,-0.0213019996881,-0.927311956882,0.157807990909,4.70219802856,0.327159804563,0.459153787439
1661592817437081671,-0.0250000003725,-0.923613965511,0.138668000698,4.69913196564,0.327159804563,0.459153787439
1661592817439091526,-0.0176040008664,-0.971687972546,0.142496004701,4.69645166397,0.327159804563,0.459153787439
1661592817441079214,-0.0176040008664,-0.971687972546,0.142496004701,4.69205856323,0.327159804563,0.459153787439
1661592817443046528,-0.00651000067592,-0.964291989803,0.131012007594,4.69205856323,0.327159804563,0.459153787439
1661592817445110775,-0.0213019996881,-0.953197956085,0.153980001807,4.69205856323,0.327159804563,0.459153787439
1661592817447009934,-0.0176040008664,-0.938405990601,0.153980001807,4.68755340576,0.327159804563,0.459153787439
1661592817449018357,-0.010208000429,-0.912519991398,0.161635994911,4.68525266647,0.327159804563,0.459153787439
1661592817451052958,-0.00651000067592,-0.91991597414,0.169292002916,4.68431377411,0.327159804563,0.459153787439
1661592817453026660,0.00458399951458,-0.938405990601,0.165463998914,4.68620252609,0.327159804563,0.459153787439
1661592817454994001,0.00458399951458,-0.938405990601,0.165463998914,4.68692970276,0.327159804563,0.459153787439
1661592817456967782,0.0119799990207,-0.971687972546,0.150151997805,4.68036413193,0.327159804563,0.459153787439
1661592817458974771,0.00458399951458,-0.967989981174,0.165463998914,4.68036413193,0.327159804563,0.459153787439
1661592817461073776,0.000885998830199,-0.931009948254,0.153980001807,4.68036413193,0.327159804563,0.459153787439
1661592817463116327,0.000885998830199,-0.931009948254,0.153980001807,4.68003702164,0.327159804563,0.459153787439
1661592817464981298,-0.010208000429,-0.927311956882,0.142496004701,4.68220710754,0.327159804563,0.459153787439
1661592817467046679,-0.00281199999154,-0.927311956882,0.173119992018,4.67894363403,0.327159804563,0.459153787439
1661592817469086115,0.0119799990207,-0.923613965511,0.180776000023,4.68136978149,0.327159804563,0.459153787439
1661592817471036618,0.0119799990207,-0.923613965511,0.180776000023,4.68091678619,0.328401074265,0.458432654078
1661592817473057874,0.0119799990207,-0.942103981972,0.157807990909,4.68052053452,0.328401074265,0.458432654078
1661592817474995386,0.000885998830199,-0.971687972546,0.153980001807,4.68052053452,0.328401074265,0.458432654078
1661592817477017859,-0.00281199999154,-0.956895947456,0.127184003592,4.68052053452,0.328401074265,0.458432654078
1661592817479027297,-0.00281199999154,-0.956895947456,0.127184003592,4.68017435074,0.328401074265,0.458432654078
1661592817480982135,-0.0213019996881,-0.960593998432,0.142496004701,4.68257761002,0.328401074265,0.458432654078
1661592817483017877,-0.0176040008664,-0.91991597414,0.161635994911,4.68381500244,0.328401074265,0.458432654078
1661592817485066309,-0.013906000182,-0.923613965511,0.161635994911,4.68305635452,0.328401074265,0.458432654078
1661592817486996948,-0.0176040008664,-0.927311956882,0.169292002916,4.6823925972,0.328401074265,0.458432654078
1661592817488985578,-0.013906000182,-0.949499964714,0.17694799602,4.68604421616,0.328401074265,0.458432654078
1661592817490974134,-0.0176040008664,-0.967989981174,0.142496004701,4.68604421616,0.328401074265,0.458432654078
1661592817493027002,-0.0213019996881,-0.953197956085,0.138668000698,4.68604421616,0.328401074265,0.458432654078
1661592817495121357,-0.0250000003725,-0.971687972546,0.127184003592,4.68229722977,0.328401074265,0.458432654078
1661592817497074514,-0.010208000429,-0.964291989803,0.138668000698,4.67902231216,0.328401074265,0.458432654078
1661592817499072797,-0.00281199999154,-0.945801973343,0.161635994911,4.67635822296,0.328401074265,0.458432654078
1661592817501075649,0.0119799990207,-0.938405990601,0.173119992018,4.67653179169,0.328401074265,0.458432654078
1661592817503048390,0.000885998830199,-0.923613965511,0.180776000023,4.68155097961,0.328401074265,0.458432654078
1661592817505057860,-0.00651000067592,-0.908822000027,0.192259997129,4.68378353119,0.328401074265,0.458432654078
1661592817507013403,0.000885998830199,-0.964291989803,0.146323993802,4.68378353119,0.328401074265,0.458432654078
1661592817509024125,0.000885998830199,-0.964291989803,0.146323993802,4.68378353119,0.328401074265,0.458432654078
1661592817510996500,-0.00281199999154,-0.960593998432,0.157807990909,4.68302869797,0.328401074265,0.458432654078
1661592817513028639,0.0156779978424,-0.960593998432,0.138668000698,4.67966175079,0.328401074265,0.458432654078
1661592817514999766,0.0193760003895,-0.934707999229,0.188431993127,4.67942285538,0.330796564736,0.457070526743
1661592817517029564,0.0193760003895,-0.934707999229,0.188431993127,4.67869234085,0.330796564736,0.457070526743
1661592817519027701,-0.00281199999154,-0.916217982769,0.219055995345,4.68128013611,0.330796564736,0.457070526743
1661592817521049289,-0.0213019996881,-0.894029974937,0.215227991343,4.6804523468,0.330796564736,0.457070526743
1661592817523024362,-0.0250000003725,-0.934707999229,0.180776000023,4.6804523468,0.330796564736,0.457070526743
1661592817525005427,-0.0250000003725,-0.967989981174,0.161635994911,4.6804523468,0.330796564736,0.457070526743
1661592817527006222,-0.0213019996881,-0.979083955288,0.146323993802,4.6804523468,0.330796564736,0.457070526743
1661592817529029208,-0.0176040008664,-0.967989981174,0.131012007594,4.68252563477,0.330796564736,0.457070526743
1661592817530980791,-0.013906000182,-0.967989981174,0.157807990909,4.68192815781,0.330796564736,0.457070526743
1661592817533053022,-0.00651000067592,-0.931009948254,0.173119992018,4.68140554428,0.330796564736,0.457070526743
1661592817535067653,0.000885998830199,-0.912519991398,0.196088001132,4.68562650681,0.330796564736,0.457070526743
1661592817537134680,0.0119799990207,-0.905123949051,0.207571998239,4.68464040756,0.330796564736,0.457070526743
1661592817538987256,-0.00281199999154,-0.90142595768,0.222883999348,4.68107032776,0.330796564736,0.457070526743
1661592817541124591,-0.00281199999154,-0.956895947456,0.184604004025,4.68107032776,0.330796564736,0.457070526743
1661592817543040693,0.03047000058,-0.982781946659,0.146323993802,4.68107032776,0.330796564736,0.457070526743
1661592817545069533,-0.00651000067592,-0.975385963917,0.161635994911,4.68029165268,0.330796564736,0.457070526743
1661592817547003106,-0.00651000067592,-0.975385963917,0.161635994911,4.67997360229,0.330796564736,0.457070526743
1661592817549131937,-0.013906000182,-0.956895947456,0.169292002916,4.68240261078,0.330796564736,0.457070526743
1661592817551035711,-0.010208000429,-0.91991597414,0.192259997129,4.68401908875,0.330796564736,0.457070526743
1661592817553058932,-0.013906000182,-0.923613965511,0.199916005135,4.68323469162,0.330796564736,0.457070526743
1661592817555100760,-0.013906000182,-0.923613965511,0.199916005135,4.68254852295,0.330796564736,0.457070526743
1661592817557064596,-0.0250000003725,-0.91991597414,0.188431993127,4.68254852295,0.330796564736,0.457070526743
1661592817559062478,-0.0213019996881,-0.982781946659,0.138668000698,4.68254852295,0.330796564736,0.457070526743
1661592817561079161,-0.0213019996881,-0.982781946659,0.138668000698,4.68465709686,0.330796564736,0.457070526743
1661592817563019213,-0.0213019996881,-0.982781946659,0.138668000698,4.68811893463,0.33316888376,0.455658257816
1661592817565014118,-0.0213019996881,-0.942103981972,0.173119992018,4.68682098389,0.33316888376,0.455658257816
1661592817567017724,-0.013906000182,-0.931009948254,0.196088001132,4.68568563461,0.33316888376,0.455658257816
1661592817569070738,-0.00281199999154,-0.912519991398,0.199916005135,4.68145418167,0.33316888376,0.455658257816
1661592817570974397,-0.00281199999154,-0.931009948254,0.173119992018,4.68099117279,0.33316888376,0.455658257816
1661592817573143103,0.0119799990207,-0.942103981972,0.165463998914,4.68099117279,0.33316888376,0.455658257816
1661592817574994809,0.00458399951458,-0.967989981174,0.134839996696,4.68099117279,0.33316888376,0.455658257816
1661592817577048868,0.00458399951458,-0.967989981174,0.134839996696,4.67788028717,0.33316888376,0.455658257816
1661592817579011172,0.0119799990207,-0.967989981174,0.157807990909,4.68055486679,0.33316888376,0.455658257816
1661592817581060787,0.000885998830199,-0.964291989803,0.173119992018,4.68020391464,0.33316888376,0.455658257816
1661592817583008479,-0.00651000067592,-0.931009948254,0.169292002916,4.67719268799,0.33316888376,0.455658257816
1661592817585056760,-0.00651000067592,-0.931009948254,0.169292002916,4.67698526382,0.33316888376,0.455658257816
1661592817587115546,-0.010208000429,-0.91991597414,0.157807990909,4.67708063126,0.33316888376,0.455658257816
1661592817589143416,0.000885998830199,-0.916217982769,0.161635994911,4.67708063126,0.33316888376,0.455658257816
1661592817591056590,-0.013906000182,-0.949499964714,0.142496004701,4.67708063126,0.33316888376,0.455658257816
1661592817593015042,-0.013906000182,-0.949499964714,0.142496004701,4.67986869812,0.33316888376,0.455658257816
1661592817595044461,-0.010208000429,-0.949499964714,0.157807990909,4.67960357666,0.33316888376,0.455658257816
1661592817597042325,-0.0176040008664,-0.942103981972,0.153980001807,4.68187522888,0.33316888376,0.455658257816
1661592817599042558,-0.010208000429,-0.949499964714,0.169292002916,4.68135929108,0.33316888376,0.455658257816
1661592817601060130,-0.010208000429,-0.949499964714,0.169292002916,4.68090772629,0.33316888376,0.455658257816
1661592817602966068,-0.00281199999154,-0.931009948254,0.180776000023,4.68524503708,0.33316888376,0.455658257816
1661592817605066273,-0.00651000067592,-0.927311956882,0.146323993802,4.68524503708,0.33316888376,0.455658257816
1661592817607027807,-0.010208000429,-0.934707999229,0.153980001807,4.68524503708,0.335586420157,0.454118986473
1661592817609062950,-0.010208000429,-0.934707999229,0.153980001807,4.68430709839,0.335586420157,0.454118986473
1661592817611022019,-0.00651000067592,-0.953197956085,0.153980001807,4.68348646164,0.335586420157,0.454118986473
1661592817613083367,-0.00651000067592,-0.956895947456,0.157807990909,4.67943429947,0.335586420157,0.454118986473
1661592817615006904,-0.00651000067592,-0.949499964714,0.146323993802,4.67922353745,0.335586420157,0.454118986473
1661592817617030241,0.00458399951458,-0.931009948254,0.134839996696,4.6790394783,0.335586420157,0.454118986473
1661592817618998304,-0.00651000067592,-0.938405990601,0.153980001807,4.68415117264,0.335586420157,0.454118986473
1661592817621003520,0.000885998830199,-0.938405990601,0.142496004701,4.68415117264,0.335586420157,0.454118986473
1661592817623063796,-0.00281199999154,-0.945801973343,0.138668000698,4.68415117264,0.335586420157,0.454118986473
1661592817625057193,-0.00281199999154,-0.949499964714,0.150151997805,4.68415117264,0.335586420157,0.454118986473
1661592817627053433,-0.00651000067592,-0.938405990601,0.157807990909,4.68535852432,0.335586420157,0.454118986473
1661592817629085623,0.000885998830199,-0.956895947456,0.134839996696,4.68711709976,0.335586420157,0.454118986473
1661592817630999189,0.000885998830199,-0.934707999229,0.161635994911,4.68865680695,0.335586420157,0.454118986473
1661592817632969631,-0.00651000067592,-0.953197956085,0.157807990909,4.68609714508,0.335586420157,0.454118986473
1661592817634981621,0.00828200019896,-0.942103981972,0.161635994911,4.68776369095,0.335586420157,0.454118986473
1661592817636973506,-0.00651000067592,-0.931009948254,0.150151997805,4.68651008606,0.335586420157,0.454118986473
1661592817638988468,0.000885998830199,-0.927311956882,0.169292002916,4.68651008606,0.335586420157,0.454118986473
1661592817641010160,-0.00651000067592,-0.912519991398,0.157807990909,4.68651008606,0.335586420157,0.454118986473
1661592817642984480,-0.00651000067592,-0.942103981972,0.161635994911,4.68682670593,0.335586420157,0.454118986473
1661592817645166135,-0.00651000067592,-0.949499964714,0.165463998914,4.68569040298,0.335586420157,0.454118986473
1661592817647060933,0.000885998830199,-0.945801973343,0.138668000698,4.6861987114,0.335586420157,0.454118986473
1661592817649057240,-0.013906000182,-0.938405990601,0.161635994911,4.68514156342,0.335586420157,0.454118986473
1661592817651119538,-0.013906000182,-0.945801973343,0.146323993802,4.68692731857,0.335586420157,0.454118986473
1661592817653147670,-0.0176040008664,-0.927311956882,0.150151997805,4.69392061234,0.335586420157,0.454118986473
1661592817655041268,-0.00281199999154,-0.931009948254,0.161635994911,4.69392061234,0.337950817806,0.452649588782
1661592817657058355,-0.00651000067592,-0.931009948254,0.169292002916,4.69392061234,0.337950817806,0.452649588782
1661592817659056835,0.0119799990207,-0.953197956085,0.157807990909,4.69189453125,0.337950817806,0.452649588782
1661592817661127212,0.0119799990207,-0.953197956085,0.157807990909,4.68857383728,0.337950817806,0.452649588782
1661592817663038572,0.00828200019896,-0.953197956085,0.142496004701,4.69264698029,0.337950817806,0.452649588782
1661592817665096035,0.00828200019896,-0.971687972546,0.150151997805,4.69186401367,0.337950817806,0.452649588782
1661592817667076658,0.00828200019896,-0.964291989803,0.157807990909,4.69281148911,0.337950817806,0.452649588782
1661592817669004238,0.000885998830199,-0.945801973343,0.173119992018,4.69364118576,0.337950817806,0.452649588782
1661592817671049164,-0.010208000429,-0.931009948254,0.165463998914,4.69364118576,0.337950817806,0.452649588782
1661592817673055879,-0.0176040008664,-0.934707999229,0.153980001807,4.69364118576,0.337950817806,0.452649588782
1661592817675033274,-0.0250000003725,-0.942103981972,0.153980001807,4.69165039062,0.337950817806,0.452649588782
1661592817677052240,-0.0250000003725,-0.942103981972,0.153980001807,4.68990945816,0.337950817806,0.452649588782
1661592817679013066,-0.0213019996881,-0.964291989803,0.169292002916,4.68705558777,0.337950817806,0.452649588782
1661592817681080480,-0.0213019996881,-0.964291989803,0.153980001807,4.68860244751,0.337950817806,0.452649588782
1661592817683043089,-0.0250000003725,-0.971687972546,0.157807990909,4.69114255905,0.337950817806,0.452649588782
1661592817685078320,-0.0250000003725,-0.971687972546,0.157807990909,4.68946504593,0.337950817806,0.452649588782
1661592817687013010,-0.010208000429,-0.938405990601,0.165463998914,4.68946504593,0.337950817806,0.452649588782
1661592817689103738,-0.0176040008664,-0.912519991398,0.173119992018,4.68946504593,0.337950817806,0.452649588782
1661592817691075704,-0.00281199999154,-0.934707999229,0.17694799602,4.6907119751,0.337950817806,0.452649588782
1661592817693180662,0.00828200019896,-0.931009948254,0.180776000023,4.69180345535,0.337950817806,0.452649588782
1661592817695006917,0.00458399951458,-0.960593998432,0.165463998914,4.6900434494,0.337950817806,0.452649588782
1661592817696973057,0.00828200019896,-0.956895947456,0.169292002916,4.69393444061,0.337950817806,0.452649588782
1661592817699043801,0.0119799990207,-0.967989981174,0.188431993127,4.7006688118,0.337950817806,0.452649588782
1661592817701057490,-0.013906000182,-0.949499964714,0.169292002916,4.69779491425,0.337950817806,0.452649588782
1661592817703036524,0.00828200019896,-0.938405990601,0.157807990909,4.70344829559,0.340374798796,0.451158933693
1661592817705067076,0.00828200019896,-0.934707999229,0.184604004025,4.70344829559,0.340374798796,0.451158933693
1661592817707032492,-0.00281199999154,-0.916217982769,0.188431993127,4.70294857025,0.340374798796,0.451158933693
1661592817709048097,-0.00281199999154,-0.931009948254,0.157807990909,4.70251178741,0.340374798796,0.451158933693
1661592817711036232,-0.00651000067592,-0.927311956882,0.180776000023,4.699406147,0.340374798796,0.451158933693
1661592817713162635,-0.0213019996881,-0.949499964714,0.173119992018,4.69669628143,0.340374798796,0.451158933693
1661592817715052873,-0.0213019996881,-0.949499964714,0.173119992018,4.69432210922,0.340374798796,0.451158933693
1661592817717017247,-0.00651000067592,-0.960593998432,0.161635994911,4.69224596024,0.340374798796,0.451158933693
1661592817718941015,-0.010208000429,-0.953197956085,0.173119992018,4.69043016434,0.340374798796,0.451158933693
1661592817720948430,-0.010208000429,-0.942103981972,0.17694799602,4.69043016434,0.340374798796,0.451158933693
1661592817722956892,-0.010208000429,-0.942103981972,0.17694799602,4.69043016434,0.340374798796,0.451158933693
1661592817724975407,-0.00281199999154,-0.949499964714,0.180776000023,4.68779277802,0.340374798796,0.451158933693
1661592817726971466,-0.010208000429,-0.934707999229,0.17694799602,4.68653583527,0.340374798796,0.451158933693
1661592817729032080,0.00458399951458,-0.949499964714,0.153980001807,4.68752384186,0.340374798796,0.451158933693
1661592817730993396,0.00458399951458,-0.949499964714,0.153980001807,4.68901252747,0.340374798796,0.451158933693
1661592817732976716,0.00458399951458,-0.967989981174,0.165463998914,4.69031620026,0.340374798796,0.451158933693
1661592817734999544,0.0230739992112,-0.975385963917,0.153980001807,4.68874263763,0.340374798796,0.451158933693
1661592817737132218,-0.00281199999154,-0.971687972546,0.173119992018,4.68874263763,0.340374798796,0.451158933693
1661592817738991296,-0.00281199999154,-0.953197956085,0.17694799602,4.68874263763,0.340374798796,0.451158933693
1661592817740984734,-0.010208000429,-0.934707999229,0.157807990909,4.68887472153,0.340374798796,0.451158933693
1661592817743009567,-0.010208000429,-0.945801973343,0.169292002916,4.69019508362,0.340374798796,0.451158933693
1661592817745052248,-0.013906000182,-0.938405990601,0.165463998914,4.68592500687,0.340374798796,0.451158933693
1661592817747130304,-0.013906000182,-0.956895947456,0.161635994911,4.68490219116,0.340374798796,0.451158933693
1661592817749147876,-0.00651000067592,-0.942103981972,0.165463998914,4.68830680847,0.340374798796,0.451158933693
1661592817751061070,0.000885998830199,-0.942103981972,0.146323993802,4.68427467346,0.342777169613,0.44980794091
1661592817753051037,0.000885998830199,-0.942103981972,0.146323993802,4.68427467346,0.342777169613,0.44980794091
1661592817754993097,-0.013906000182,-0.945801973343,0.173119992018,4.68427467346,0.342777169613,0.44980794091
1661592817757021997,-0.0213019996881,-0.949499964714,0.165463998914,4.68616819382,0.342777169613,0.44980794091
1661592817759046983,-0.0213019996881,-0.934707999229,0.161635994911,4.69165229797,0.342777169613,0.44980794091
1661592817761058456,-0.0213019996881,-0.934707999229,0.161635994911,4.69262599945,0.342777169613,0.44980794091
1661592817763114945,-0.0176040008664,-0.916217982769,0.173119992018,4.69076299667,0.342777169613,0.44980794091
1661592817765080096,0.000885998830199,-0.949499964714,0.180776000023,4.69008255005,0.342777169613,0.44980794091
1661592817767042696,0.00458399951458,-0.953197956085,0.161635994911,4.6912522316,0.342777169613,0.44980794091
1661592817769049579,0.00458399951458,-0.953197956085,0.161635994911,4.6912522316,0.342777169613,0.44980794091
1661592817770993462,-0.00281199999154,-0.938405990601,0.165463998914,4.6912522316,0.342777169613,0.44980794091
1661592817773136697,-0.013906000182,-0.942103981972,0.165463998914,4.69771289825,0.342777169613,0.44980794091
1661592817775037087,0.00458399951458,-0.942103981972,0.157807990909,4.69778060913,0.342777169613,0.44980794091
1661592817777131986,0.00458399951458,-0.956895947456,0.165463998914,4.69255256653,0.342777169613,0.44980794091
1661592817778989900,0.000885998830199,-0.938405990601,0.157807990909,4.69341421127,0.342777169613,0.44980794091
1661592817780975725,-0.0176040008664,-0.927311956882,0.153980001807,4.69688749313,0.342777169613,0.44980794091
1661592817783041493,0.000885998830199,-0.938405990601,0.169292002916,4.69986963272,0.342777169613,0.44980794091
1661592817785031394,-0.010208000429,-0.960593998432,0.150151997805,4.69986963272,0.342777169613,0.44980794091
1661592817786982529,-0.00281199999154,-0.953197956085,0.169292002916,4.69986963272,0.342777169613,0.44980794091
1661592817789146829,-0.010208000429,-0.960593998432,0.153980001807,4.69981765747,0.342777169613,0.44980794091
1661592817791056209,-0.013906000182,-0.945801973343,0.134839996696,4.69973230362,0.342777169613,0.44980794091
1661592817793086314,0.000885998830199,-0.945801973343,0.169292002916,4.70242071152,0.342777169613,0.44980794091
1661592817795058320,-0.00281199999154,-0.960593998432,0.153980001807,4.70204973221,0.342777169613,0.44980794091
1661592817797074199,-0.0286980010569,-0.938405990601,0.161635994911,4.70144081116,0.342777169613,0.44980794091
1661592817799015405,-0.0286980010569,-0.938405990601,0.161635994911,4.70391702652,0.345165238934,0.448366435389
1661592817801036754,-0.013906000182,-0.927311956882,0.161635994911,4.70391702652,0.345165238934,0.448366435389
1661592817803033134,-0.0213019996881,-0.938405990601,0.165463998914,4.70391702652,0.345165238934,0.448366435389
1661592817805065423,-0.010208000429,-0.960593998432,0.142496004701,4.71154499054,0.345165238934,0.448366435389
1661592817806998747,-0.010208000429,-0.960593998432,0.142496004701,4.71003103256,0.345165238934,0.448366435389
1661592817809036895,-0.00651000067592,-0.945801973343,0.153980001807,4.70870685577,0.345165238934,0.448366435389
1661592817810963601,-0.00281199999154,-0.923613965511,0.150151997805,4.71404647827,0.345165238934,0.448366435389
1661592817813063935,0.00458399951458,-0.923613965511,0.161635994911,4.71221876144,0.345165238934,0.448366435389
1661592817814986986,0.00458399951458,-0.942103981972,0.169292002916,4.71062040329,0.345165238934,0.448366435389
1661592817817073838,0.00828200019896,-0.938405990601,0.165463998914,4.70922231674,0.345165238934,0.448366435389
1661592817818988014,0.00828200019896,-0.938405990601,0.17694799602,4.70922231674,0.345165238934,0.448366435389
1661592817821084957,0.00828200019896,-0.949499964714,0.188431993127,4.70922231674,0.345165238934,0.448366435389
1661592817823034602,0.00828200019896,-0.942103981972,0.146323993802,4.70727109909,0.345165238934,0.448366435389
1661592817825089503,0.0156779978424,-0.956895947456,0.153980001807,4.70356607437,0.345165238934,0.448366435389
1661592817826989966,0.00458399951458,-0.949499964714,0.153980001807,4.70577812195,0.345165238934,0.448366435389
1661592817828977999,-0.010208000429,-0.931009948254,0.157807990909,4.70191001892,0.345165238934,0.448366435389
1661592817831066580,-0.013906000182,-0.91991597414,0.150151997805,4.69888019562,0.345165238934,0.448366435389
1661592817833045636,-0.010208000429,-0.938405990601,0.169292002916,4.69895172119,0.345165238934,0.448366435389
1661592817834982606,-0.0213019996881,-0.942103981972,0.165463998914,4.69895172119,0.345165238934,0.448366435389
1661592817837016174,-0.0213019996881,-0.942103981972,0.165463998914,4.69895172119,0.345165238934,0.448366435389
1661592817839033740,-0.00651000067592,-0.964291989803,0.153980001807,4.69906902313,0.345165238934,0.448366435389
1661592817841034569,-0.0176040008664,-0.956895947456,0.146323993802,4.69639635086,0.345165238934,0.448366435389
1661592817842986704,-0.0176040008664,-0.938405990601,0.150151997805,4.69677829742,0.347576396882,0.44692641296
1661592817844984092,-0.0176040008664,-0.938405990601,0.150151997805,4.69711256027,0.347576396882,0.44692641296
1661592817847032233,-0.010208000429,-0.927311956882,0.161635994911,4.68645811081,0.347576396882,0.44692641296
1661592817849094789,0.000885998830199,-0.949499964714,0.161635994911,4.69079351425,0.347576396882,0.44692641296
1661592817851011212,0.0119799990207,-0.942103981972,0.161635994911,4.69079351425,0.347576396882,0.44692641296
1661592817853133067,0.0119799990207,-0.942103981972,0.161635994911,4.69079351425,0.347576396882,0.44692641296
1661592817855004242,0.0193760003895,-0.960593998432,0.150151997805,4.69187450409,0.347576396882,0.44692641296
1661592817857025233,-0.00281199999154,-0.971687972546,0.142496004701,4.69874811172,0.347576396882,0.44692641296
1661592817858994039,0.000885998830199,-0.964291989803,0.161635994911,4.6988363266,0.347576396882,0.44692641296
1661592817861016205,-0.010208000429,-0.949499964714,0.150151997805,4.70436096191,0.347576396882,0.44692641296
1661592817863020158,-0.00281199999154,-0.942103981972,0.165463998914,4.70798301697,0.347576396882,0.44692641296
1661592817865116846,-0.00281199999154,-0.942103981972,0.161635994911,4.70691537857,0.347576396882,0.44692641296
1661592817866967864,-0.00651000067592,-0.942103981972,0.165463998914,4.70691537857,0.347576396882,0.44692641296
1661592817868975121,-0.010208000429,-0.945801973343,0.161635994911,4.70691537857,0.347576396882,0.44692641296
1661592817871058170,-0.0176040008664,-0.956895947456,0.157807990909,4.70598173141,0.347576396882,0.44692641296
1661592817873067444,-0.010208000429,-0.956895947456,0.146323993802,4.70789289474,0.347576396882,0.44692641296
1661592817874999852,-0.010208000429,-0.956895947456,0.146323993802,4.70864152908,0.347576396882,0.44692641296
1661592817877023760,-0.010208000429,-0.942103981972,0.165463998914,4.7129535675,0.347576396882,0.44692641296
1661592817879043393,-0.010208000429,-0.942103981972,0.184604004025,4.70534992218,0.347576396882,0.44692641296
1661592817881042463,0.000885998830199,-0.927311956882,0.17694799602,4.70188713074,0.347576396882,0.44692641296
1661592817882989615,0.000885998830199,-0.927311956882,0.17694799602,4.70188713074,0.347576396882,0.44692641296
1661592817885062977,0.0119799990207,-0.945801973343,0.165463998914,4.70188713074,0.347576396882,0.44692641296
1661592817887065535,0.000885998830199,-0.942103981972,0.153980001807,4.70158290863,0.349905659256,0.445492691176
1661592817889080835,0.000885998830199,-0.953197956085,0.173119992018,4.70404148102,0.349905659256,0.445492691176
1661592817890993794,0.000885998830199,-0.953197956085,0.173119992018,4.70807886124,0.349905659256,0.445492691176
1661592817893183175,-0.00281199999154,-0.938405990601,0.169292002916,4.7097287178,0.349905659256,0.445492691176
1661592817895012026,0.000885998830199,-0.934707999229,0.173119992018,4.71277952194,0.349905659256,0.445492691176
1661592817897149508,0.00458399951458,-0.953197956085,0.165463998914,4.70838022232,0.349905659256,0.445492691176
1661592817899124156,0.000885998830199,-0.960593998432,0.173119992018,4.70838022232,0.349905659256,0.445492691176
1661592817901154905,-0.0176040008664,-0.960593998432,0.165463998914,4.70838022232,0.349905659256,0.445492691176
1661592817903038184,-0.013906000182,-0.945801973343,0.146323993802,4.70726299286,0.349905659256,0.445492691176
1661592817905050916,-0.0176040008664,-0.938405990601,0.153980001807,4.70901441574,0.349905659256,0.445492691176
1661592817907032521,-0.0176040008664,-0.934707999229,0.157807990909,4.70781755447,0.349905659256,0.445492691176
1661592817909152590,-0.00651000067592,-0.960593998432,0.146323993802,4.70585536957,0.349905659256,0.445492691176
1661592817911069906,0.000885998830199,-0.960593998432,0.180776000023,4.70778226852,0.349905659256,0.445492691176
1661592817913161886,0.000885998830199,-0.960593998432,0.180776000023,4.71220111847,0.349905659256,0.445492691176
1661592817915137267,-0.0176040008664,-0.953197956085,0.184604004025,4.71333742142,0.349905659256,0.445492691176
1661592817917035808,-0.0213019996881,-0.938405990601,0.17694799602,4.71333742142,0.349905659256,0.445492691176
1661592817919067265,-0.0176040008664,-0.945801973343,0.153980001807,4.71433210373,0.349905659256,0.445492691176
1661592817921125696,-0.0176040008664,-0.945801973343,0.153980001807,4.71246862411,0.349905659256,0.445492691176
1661592817923073444,-0.010208000429,-0.945801973343,0.165463998914,4.7163066864,0.349905659256,0.445492691176
1661592817925093058,-0.00651000067592,-0.945801973343,0.161635994911,4.71146154404,0.349905659256,0.445492691176
1661592817927145233,0.00458399951458,-0.938405990601,0.180776000023,4.708984375,0.349905659256,0.445492691176
1661592817929126706,0.00458399951458,-0.938405990601,0.180776000023,4.710521698,0.349905659256,0.445492691176
1661592817931009940,-0.010208000429,-0.949499964714,0.150151997805,4.71186733246,0.349905659256,0.445492691176
1661592817933218492,0.000885998830199,-0.949499964714,0.157807990909,4.71186733246,0.349905659256,0.445492691176
1661592817935022057,0.000885998830199,-0.938405990601,0.165463998914,4.71186733246,0.352377518375,0.443990402685
1661592817937129093,0.000885998830199,-0.938405990601,0.165463998914,4.71031284332,0.352377518375,0.443990402685
1661592817939126912,0.00828200019896,-0.938405990601,0.161635994911,4.71562004089,0.352377518375,0.443990402685
1661592817941148698,0.0119799990207,-0.938405990601,0.165463998914,4.71906757355,0.352377518375,0.443990402685
1661592817943115706,0.00458399951458,-0.938405990601,0.180776000023,4.716609478,0.352377518375,0.443990402685
1661592817945095428,-0.00281199999154,-0.934707999229,0.192259997129,4.71719551086,0.352377518375,0.443990402685
1661592817947014537,-0.010208000429,-0.923613965511,0.161635994911,4.71770858765,0.352377518375,0.443990402685
1661592817948968469,-0.0176040008664,-0.945801973343,0.157807990909,4.7154211998,0.352377518375,0.443990402685
1661592817951003081,-0.0176040008664,-0.945801973343,0.180776000023,4.7154211998,0.352377518375,0.443990402685
1661592817953025027,-0.0176040008664,-0.953197956085,0.157807990909,4.71342086792,0.352377518375,0.443990402685
1661592817954950523,-0.010208000429,-0.945801973343,0.169292002916,4.71253252029,0.352377518375,0.443990402685
1661592817957049923,-0.010208000429,-0.942103981972,0.173119992018,4.71362733841,0.352377518375,0.443990402685
1661592817959094217,-0.010208000429,-0.942103981972,0.173119992018,4.7154250145,0.352377518375,0.443990402685
1661592817961015430,-0.0176040008664,-0.938405990601,0.146323993802,4.71342420578,0.352377518375,0.443990402685
1661592817963015627,-0.013906000182,-0.953197956085,0.157807990909,4.71440792084,0.352377518375,0.443990402685
1661592817965044090,-0.00651000067592,-0.956895947456,0.138668000698,4.71440792084,0.352377518375,0.443990402685
1661592817967014267,-0.00651000067592,-0.956895947456,0.138668000698,4.71440792084,0.352377518375,0.443990402685
1661592817969072418,-0.013906000182,-0.967989981174,0.153980001807,4.71253490448,0.352377518375,0.443990402685
1661592817970981722,-0.00651000067592,-0.964291989803,0.165463998914,4.7142457962,0.352377518375,0.443990402685
1661592817972970000,-0.00651000067592,-0.942103981972,0.157807990909,4.71512746811,0.352377518375,0.443990402685
1661592817974969627,-0.00651000067592,-0.942103981972,0.157807990909,4.71110534668,0.352377518375,0.443990402685
1661592817977182086,-0.013906000182,-0.927311956882,0.161635994911,4.71511268616,0.352377518375,0.443990402685
1661592817979000451,-0.00281199999154,-0.927311956882,0.150151997805,4.72136211395,0.354711429858,0.442541153426
1661592817981015012,0.000885998830199,-0.949499964714,0.157807990909,4.72136211395,0.354711429858,0.442541153426
1661592817983059670,0.000885998830199,-0.942103981972,0.17694799602,4.72136211395,0.354711429858,0.442541153426
1661592817985031900,0.000885998830199,-0.967989981174,0.142496004701,4.7213549614,0.354711429858,0.442541153426
1661592817987018175,-0.0213019996881,-0.949499964714,0.138668000698,4.7186088562,0.354711429858,0.442541153426
1661592817988976216,-0.0213019996881,-0.934707999229,0.157807990909,4.71650266647,0.354711429858,0.442541153426
1661592817990986248,-0.010208000429,-0.945801973343,0.161635994911,4.71984052658,0.354711429858,0.442541153426
1661592817993157427,-0.013906000182,-0.942103981972,0.150151997805,4.7227640152,0.354711429858,0.442541153426
1661592817995119860,-0.00651000067592,-0.931009948254,0.169292002916,4.72756624222,0.354711429858,0.442541153426
1661592817997152196,-0.00651000067592,-0.931009948254,0.169292002916,4.72756624222,0.354711429858,0.442541153426
1661592817999030179,-0.00281199999154,-0.931009948254,0.153980001807,4.72756624222,0.354711429858,0.442541153426
1661592818001158031,0.0119799990207,-0.956895947456,0.157807990909,4.73502922058,0.354711429858,0.442541153426
1661592818003002319,0.000885998830199,-0.949499964714,0.173119992018,4.74157333374,0.354711429858,0.442541153426
1661592818005011249,0.000885998830199,-0.949499964714,0.173119992018,4.74454879761,0.354711429858,0.442541153426
1661592818007151425,-0.00281199999154,-0.931009948254,0.157807990909,4.76016950607,0.354711429858,0.442541153426
1661592818009155498,0.00458399951458,-0.923613965511,0.165463998914,4.76638507843,0.354711429858,0.442541153426
1661592818010988438,0.00828200019896,-0.938405990601,0.161635994911,4.77462005615,0.354711429858,0.442541153426
1661592818012984203,0.00828200019896,-0.938405990601,0.161635994911,4.78743648529,0.354711429858,0.442541153426
1661592818014981597,0.00458399951458,-0.942103981972,0.180776000023,4.78743648529,0.354711429858,0.442541153426
1661592818017156927,0.00828200019896,-0.938405990601,0.184604004025,4.79588699341,0.354711429858,0.442541153426
1661592818019027443,-0.0176040008664,-0.931009948254,0.146323993802,4.81175327301,0.354711429858,0.442541153426
1661592818021019114,-0.013906000182,-0.960593998432,0.157807990909,4.82287168503,0.354711429858,0.442541153426
1661592818023026234,-0.0176040008664,-0.964291989803,0.153980001807,4.84940671921,0.355896348716,0.441817147657
1661592818025025786,-0.0176040008664,-0.960593998432,0.153980001807,4.86739444733,0.357109781398,0.441095235516
1661592818026987405,-0.0176040008664,-0.949499964714,0.165463998914,4.87456607819,0.357109781398,0.441095235516
1661592818029006843,-0.013906000182,-0.927311956882,0.134839996696,4.89243364334,0.357109781398,0.441095235516
1661592818030976723,0.000885998830199,-0.931009948254,0.173119992018,4.89243364334,0.357109781398,0.441095235516
1661592818033063330,-0.0213019996881,-0.931009948254,0.173119992018,4.89243364334,0.357109781398,0.441095235516
1661592818034998564,-0.0323959998786,-0.938405990601,0.180776000023,4.92456054688,0.357109781398,0.441095235516
1661592818037017827,-0.339330017567,-0.912519991398,0.127184003592,4.94230985641,0.357109781398,0.441095235516
1661592818038980303,-0.812673985958,-0.934707999229,0.115700006485,4.98180150986,0.357109781398,0.441095235516
1661592818041010693,-0.553813993931,-1.10481595993,0.146323993802,5.00711631775,0.357109781398,0.441095235516
1661592818042976862,-0.553813993931,-1.10481595993,0.146323993802,5.00278186798,0.357109781398,0.441095235516
1661592818044980982,-0.498344004154,-1.13070201874,0.157807990909,4.99598073959,0.357109781398,0.441095235516
1661592818047128024,-0.357820004225,-1.10481595993,0.165463998914,4.99598073959,0.357109781398,0.441095235516
1661592818049035475,-0.320840001106,-0.967989981174,0.287960022688,4.99598073959,0.357109781398,0.441095235516
1661592818050987172,-0.320840001106,-0.967989981174,0.287960022688,4.99004411697,0.357109781398,0.441095235516
1661592818052972942,-0.291256010532,-0.875539958477,0.337724000216,4.98895740509,0.357109781398,0.441095235516
1661592818054972852,0.31891399622,-0.890331983566,0.284132003784,4.98691225052,0.357109781398,0.441095235516
1661592818057109862,0.307819992304,-0.905123949051,0.249679997563,4.994140625,0.357109781398,0.441095235516
1661592818059036470,0.0933360010386,-0.956895947456,0.169292002916,5.04413127899,0.357109781398,0.441095235516
1661592818061075303,-0.135940000415,-0.916217982769,0.10804399848,5.0782828331,0.357109781398,0.441095235516
1661592818063033945,-0.431780010462,-0.938405990601,0.0582799986005,5.0782828331,0.357109781398,0.441095235516
1661592818065054354,-0.487250000238,-0.923613965511,0.0314840003848,5.0782828331,0.357109781398,0.441095235516
1661592818067009005,-0.335631996393,-1.0308560133,0.0353120006621,5.11487627029,0.35830573626,0.440399450792
1661592818069018228,-0.26537001133,-1.04564797878,0.0238279998302,5.15057373047,0.35830573626,0.440399450792
1661592818071062354,-0.117449998856,-0.864445984364,0.0812480002642,5.21368026733,0.35830573626,0.440399450792
1661592818073086084,-0.117449998856,-0.864445984364,0.0812480002642,5.27185916901,0.35830573626,0.440399450792
1661592818075029959,-0.161825999618,-0.790485978127,0.115700006485,5.33438253403,0.35830573626,0.440399450792
1661592818077063353,-0.269068002701,-0.764599978924,0.17694799602,5.36238098145,0.35830573626,0.440399450792
1661592818079045199,0.0378660038114,-0.986479997635,0.234367996454,5.36238098145,0.35830573626,0.440399450792
1661592818081064575,0.0378660038114,-0.986479997635,0.234367996454,5.36238098145,0.35830573626,0.440399450792
1661592818083008766,0.222765997052,-1.06043994427,0.222883999348,5.39442396164,0.35830573626,0.440399450792
1661592818085141097,0.492719978094,-1.13440001011,0.211400002241,5.41925191879,0.35830573626,0.440399450792
1661592818087120499,0.392874002457,-1.00496995449,0.207571998239,5.4823718071,0.35830573626,0.440399450792
1661592818089104624,0.392874002457,-1.00496995449,0.207571998239,5.51239109039,0.35830573626,0.440399450792
1661592818091036718,-0.124845996499,-0.727619946003,0.22671200335,5.57024669647,0.35830573626,0.440399450792
1661592818093140721,-0.25057798624,-0.727619946003,0.207571998239,5.59444856644,0.35830573626,0.440399450792
1661592818094980655,-0.20620200038,-0.8200699687,0.165463998914,5.59444856644,0.35830573626,0.440399450792
1661592818097043848,-0.20620200038,-0.8200699687,0.165463998914,5.59444856644,0.35830573626,0.440399450792
1661592818099002818,0.0674500018358,-1.18617200851,0.0621079988778,5.62412881851,0.35830573626,0.440399450792
1661592818101052202,0.0489600002766,-1.23794400692,0.0238279998302,5.6463675499,0.35830573626,0.440399450792
1661592818103011257,-0.0286980010569,-1.16768193245,0.0161719992757,5.71152114868,0.35830573626,0.440399450792
1661592818105076258,-0.24688000977,-0.927311956882,0.0735919997096,5.72804307938,0.35830573626,0.440399450792
1661592818107009448,-0.306048005819,-0.705431997776,0.188431993127,5.76047229767,0.35830573626,0.440399450792
1661592818109054835,-0.224692001939,-0.705431997776,0.222883999348,5.81925535202,0.35830573626,0.440399450792
1661592818111042261,0.0637520030141,-0.786787986755,0.264991998672,5.81925535202,0.360725376751,0.438946529495
1661592818113050448,0.222765997052,-0.908822000027,0.249679997563,5.81925535202,0.360725376751,0.438946529495
1661592818115007046,0.37808200717,-1.03455400467,0.203743994236,5.85119485855,0.360725376751,0.438946529495
1661592818117064253,0.326309978962,-1.06043994427,0.184604004025,5.87970304489,0.360725376751,0.438946529495
1661592818119006589,0.0711480006576,-1.02346003056,0.100388005376,5.90017700195,0.360725376751,0.438946529495
1661592818121223326,-0.0656780004501,-0.986479997635,0.0927319973707,5.94320297241,0.360725376751,0.438946529495
1661592818123052561,-0.25057798624,-0.83486199379,0.169292002916,5.96660089493,0.360725376751,0.438946529495
1661592818125074300,-0.0841680020094,-0.838559985161,0.199916005135,5.99783039093,0.360725376751,0.438946529495
1661592818126981840,-0.0841680020094,-0.838559985161,0.199916005135,6.03105831146,0.360725376751,0.438946529495
1661592818129044582,0.0933360010386,-0.931009948254,0.180776000023,6.03105831146,0.360725376751,0.438946529495
1661592818130998195,0.0193760003895,-1.06043994427,0.0965600013733,6.03105831146,0.360725376751,0.438946529495
1661592818133035040,-0.0619800016284,-1.03455400467,0.0927319973707,6.09282064438,0.360725376751,0.438946529495
1661592818135026582,-0.0619800016284,-1.03455400467,0.0927319973707,6.12145853043,0.360725376751,0.438946529495
1661592818137035748,-0.20620200038,-0.942103981972,0.131012007594,6.15862417221,0.360725376751,0.438946529495
1661592818139047731,0.00828200019896,-0.897727966309,0.192259997129,6.21105766296,0.360725376751,0.438946529495
1661592818141125203,0.174691990018,-0.923613965511,0.238196000457,6.24494171143,0.360725376751,0.438946529495
1661592818142997379,0.429854005575,-0.949499964714,0.303272008896,6.26892662048,0.360725376751,0.438946529495
1661592818145067295,0.403968006372,-0.934707999229,0.291788011789,6.26892662048,0.360725376751,0.438946529495
1661592818147012703,0.281933993101,-0.912519991398,0.264991998672,6.26892662048,0.360725376751,0.438946529495
1661592818149078810,-0.0471879988909,-0.853351950645,0.188431993127,6.2902340889,0.360725376751,0.438946529495
1661592818150988083,-0.169222012162,-0.871841967106,0.142496004701,6.34560775757,0.360725376751,0.438946529495
1661592818153087071,-0.272765994072,-0.949499964714,0.111872002482,6.37151050568,0.360725376751,0.438946529495
1661592818155002059,-0.0804700031877,-1.05304396152,0.0965600013733,6.45717525482,0.360725376751,0.438946529495
1661592818157081437,-0.0804700031877,-1.05304396152,0.0965600013733,6.4848446846,0.360725376751,0.438946529495
1661592818159051652,-0.0213019996881,-1.05304396152,0.115700006485,6.49479007721,0.363122143927,0.437512127758
1661592818161046155,-0.0767719969153,-0.967989981174,0.104215994477,6.49479007721,0.363122143927,0.437512127758
1661592818163027182,-0.354122012854,-0.838559985161,0.10804399848,6.49479007721,0.363122143927,0.437512127758
1661592818165026169,-0.354122012854,-0.838559985161,0.10804399848,6.52573871613,0.363122143927,0.437512127758
1661592818166970431,-0.354122012854,-0.842257976532,0.127184003592,6.56254863739,0.363122143927,0.437512127758
1661592818169130801,0.122919999063,-1.00496995449,0.165463998914,6.69001865387,0.363122143927,0.437512127758
1661592818171028829,0.304122000933,-1.06413793564,0.203743994236,6.69873857498,0.363122143927,0.437512127758
1661592818173037446,0.304122000933,-1.06413793564,0.203743994236,6.70640659332,0.363122143927,0.437512127758
1661592818175107783,0.500116050243,-1.12330591679,0.249679997563,6.72154521942,0.363122143927,0.437512127758
1661592818177041360,0.304122000933,-0.905123949051,0.3071000278,6.73490619659,0.363122143927,0.437512127758
1661592818179104946,0.0452620014548,-0.753505945206,0.268820017576,6.73490619659,0.363122143927,0.437512127758
1661592818181104566,-0.013906000182,-0.742411971092,0.268820017576,6.75525903702,0.363122143927,0.437512127758
1661592818183109857,-0.00651000067592,-0.857050001621,0.219055995345,6.74741411209,0.363122143927,0.437512127758
1661592818185099197,0.0637520030141,-0.956895947456,0.184604004025,6.75770425797,0.363122143927,0.437512127758
1661592818187063093,0.0896380022168,-1.07523202896,0.115700006485,6.77543783188,0.363122143927,0.437512127758
1661592818189053208,0.0452620014548,-1.10111796856,0.0927319973707,6.81382226944,0.363122143927,0.437512127758
1661592818191092894,-0.209900006652,-1.00866794586,0.0467960014939,6.82496643066,0.363122143927,0.437512127758
1661592818193043785,-0.346726000309,-0.942103981972,0.0774199962616,6.83477830887,0.363122143927,0.437512127758
1661592818195096901,-0.553813993931,-0.805277943611,0.0927319973707,6.83477830887,0.363122143927,0.437512127758
1661592818197129709,-0.461364001036,-0.797881960869,0.119527995586,6.84341001511,0.363122143927,0.437512127758
1661592818198981619,-0.302350014448,-0.827465951443,0.115700006485,6.86929178238,0.363122143927,0.437512127758
1661592818200964853,0.0526579990983,-0.967989981174,0.142496004701,6.88296985626,0.363122143927,0.437512127758
1661592818202952196,0.200577989221,-1.02346003056,0.146323993802,6.89628124237,0.363122143927,0.437512127758
1661592818204958995,0.296725988388,-1.06413793564,0.180776000023,6.90675163269,0.363122143927,0.437512127758
1661592818207000345,0.134013995528,-0.938405990601,0.253508001566,6.92543792725,0.365514145626,0.435977660311
1661592818209009656,0.100732006133,-0.875539958477,0.268820017576,6.94195461273,0.365514145626,0.435977660311
1661592818210987994,0.100732006133,-0.875539958477,0.268820017576,6.94195461273,0.365514145626,0.435977660311
1661592818212965765,0.11552400142,-0.849653959274,0.272648006678,6.94195461273,0.365514145626,0.435977660311
1661592818215127831,0.337403982878,-0.975385963917,0.253508001566,6.95122528076,0.365514145626,0.435977660311
1661592818217017282,0.285631984472,-1.0567419529,0.180776000023,6.95502519608,0.365514145626,0.435977660311
1661592818219031108,0.285631984472,-1.0567419529,0.180776000023,6.97954893112,0.365514145626,0.435977660311
1661592818221031879,-0.172920003533,-0.938405990601,0.111872002482,6.97983694077,0.365514145626,0.435977660311
1661592818222961984,-0.320840001106,-0.897727966309,0.104215994477,6.99877977371,0.365514145626,0.435977660311
1661592818225038898,-0.479854017496,-0.871841967106,0.0812480002642,6.99877977371,0.365514145626,0.435977660311
1661592818227117638,-0.428082019091,-0.894029974937,0.0965600013733,6.99877977371,0.365514145626,0.435977660311
1661592818229069251,-0.217296004295,-0.956895947456,0.0889039933681,6.99877977371,0.365514145626,0.435977660311
1661592818231119456,0.0674500018358,-1.00496995449,0.119527995586,7.03982019424,0.365514145626,0.435977660311
1661592818233101691,0.0674500018358,-1.00496995449,0.119527995586,7.04258918762,0.365514145626,0.435977660311
1661592818234998379,0.0156779978424,-0.945801973343,0.153980001807,7.03826236725,0.365514145626,0.435977660311
1661592818237037457,-0.0397920012474,-0.894029974937,0.199916005135,7.04122447968,0.365514145626,0.435977660311
1661592818239117807,-0.0915639996529,-0.831164002419,0.242024004459,7.03369474411,0.365514145626,0.435977660311
1661592818241034059,-0.0915639996529,-0.831164002419,0.242024004459,7.02713251114,0.365514145626,0.435977660311
1661592818243007644,0.100732006133,-0.912519991398,0.222883999348,7.02713251114,0.365514145626,0.435977660311
1661592818245027841,0.248651981354,-0.986479997635,0.222883999348,7.02713251114,0.365514145626,0.435977660311
1661592818247010322,0.27823600173,-1.0308560133,0.196088001132,7.04413032532,0.365514145626,0.435977660311
1661592818249037855,0.27823600173,-1.0308560133,0.196088001132,7.03622674942,0.365514145626,0.435977660311
1661592818251004914,0.148805990815,-0.967989981174,0.17694799602,7.02933931351,0.367910412237,0.434593073614
1661592818253012746,-0.158128008246,-0.853351950645,0.17694799602,7.03340101242,0.367910412237,0.434593073614
1661592818254978222,-0.228390008211,-0.868143975735,0.157807990909,7.0400853157,0.367910412237,0.434593073614
1661592818257035286,-0.228390008211,-0.868143975735,0.157807990909,7.03270244598,0.367910412237,0.434593073614
1661592818258976370,0.0637520030141,-1.05304396152,0.104215994477,7.03270244598,0.367910412237,0.434593073614
1661592818260973323,0.134013995528,-1.08632600307,0.0927319973707,7.03270244598,0.367910412237,0.434593073614
1661592818262970690,0.0896380022168,-1.02715802193,0.0927319973707,7.05668735504,0.367910412237,0.434593073614
1661592818264979080,0.0896380022168,-1.02715802193,0.0927319973707,7.05667448044,0.367910412237,0.434593073614
1661592818267006623,-0.180316001177,-0.83486199379,0.173119992018,7.06760931015,0.367910412237,0.434593073614
1661592818268979664,-0.202504009008,-0.797881960869,0.22671200335,7.06691884995,0.367910412237,0.434593073614
1661592818270971208,-0.124845996499,-0.823767960072,0.242024004459,7.08515834808,0.367910412237,0.434593073614
1661592818273043877,0.111825995147,-0.953197956085,0.188431993127,7.08225917816,0.367910412237,0.434593073614
1661592818275075337,0.196879997849,-1.00496995449,0.153980001807,7.08225917816,0.367910412237,0.434593073614
1661592818277048185,0.222765997052,-1.06413793564,0.123355999589,7.08225917816,0.367910412237,0.434593073614
1661592818279119752,0.141409993172,-1.04564797878,0.119527995586,7.07972621918,0.367910412237,0.434593073614
1661592818281108799,-0.0952619984746,-0.923613965511,0.123355999589,7.07557821274,0.367910412237,0.434593073614
1661592818283039832,-0.269068002701,-0.794183969498,0.180776000023,7.08423900604,0.367910412237,0.434593073614
1661592818284980102,-0.128544002771,-0.879237949848,0.169292002916,7.0918507576,0.367910412237,0.434593073614
1661592818287051488,-0.128544002771,-0.879237949848,0.169292002916,7.09394216537,0.367910412237,0.434593073614
1661592818289025863,0.0230739992112,-0.964291989803,0.161635994911,7.08993053436,0.367910412237,0.434593073614
1661592818291122921,0.200577989221,-1.09741997719,0.0927319973707,7.08993053436,0.367910412237,0.434593073614
1661592818293006835,0.0711480006576,-1.01976203918,0.10804399848,7.08993053436,0.367910412237,0.434593073614
1661592818294964990,0.0711480006576,-1.01976203918,0.10804399848,7.09685087204,0.367910412237,0.434593073614
1661592818297065735,-0.0989599972963,-0.827465951443,0.215227991343,7.10292768478,0.367910412237,0.434593073614
1661592818299040314,-0.0730739980936,-0.80157995224,0.245851993561,7.08416986465,0.370337235958,0.43309794204
